state,market,rank,company,phone,website,investor_friendly,primary,deals_closed,avg_close_days,ease_score,profit_score,last_contact,notes
GA,Atlanta,1,Georgia Title & Escrow Co LLC,(678) 448-4148,https://georgiatitle.com,yes,y,0,,,,,"Advertises wholesaling + assignments + double-closings. Buckhead office, attorney-state compliant."
GA,Atlanta,2,Morris Hardwick Schneider (MHS),(404) 814-9247,https://closingsource.net,yes,n,0,,,,,"Large GA closing firm. Handles assignments + double-closings. Druid Hills volume shop."
GA,Atlanta,3,Katz Durell PLLC,via website,https://katzdurell.com,yes,n,0,,,,,"Explicit /investors page. Attorney-led. Routinely closes wholesaler transactions."
GA,Atlanta,4,Chalker & Chalker,via website,https://chalkerandchalker.com,yes,n,0,,,,,"Wholesaler-friendly per BP threads. Fast email response, quick close. Smaller shop."
GA,Atlanta,5,Chicago Title - Atlanta,varies by branch,https://atlantactic.com,branch_dependent,n,0,,,,,"Fidelity-family. Use only with named escrow officer referral. Corporate policy varies."
TX,Dallas,1,Texas Title,(972) 733-3800,https://texastitle.com,yes,y,0,,,,,"19111 Dallas Pkwy Ste 120. Widely used by DFW wholesalers. Handles assignments + double-closings."
TX,Dallas,2,First Option Title,via website,https://1stoptiontitle.com,yes,n,0,,,,,"Texas-only. Explicitly markets to investors and wholesalers."
TX,Dallas,3,CLOSED Title - Dallas,via website,https://closedtitle.com,yes,n,0,,,,,"Built FOR investors. Dedicated /investors page. Assignments, double-closings, creative deals."
TX,Dallas,4,Republic Title of Texas - Uptown,(214) 855-8888,https://republictitle.com,mixed,n,0,,,,,"2626 Howell St 10th Fl. Big DFW name. Very professional but wholesale tolerance varies by escrow officer."
TX,Dallas,5,Fidelity National Title - Dallas,varies,https://fntic.com,branch_dependent,n,0,,,,,"National. Some branches handle, most refuse. Only with named officer."
FL,Jacksonville,1,Sunshine Title Corporation,via website,https://sunshinetitle.com,yes,y,0,,,,,"30+ years. Processes most Duval County orders within 2 business days. Fast = wholesaler gold."
FL,Jacksonville,2,Marina Title - Jacksonville,via website,https://marinatitle.com/locations/jacksonville-fl,yes,n,0,,,,,"Attorney-owned. Explicitly founded to serve real estate investors. Statewide FL coverage."
FL,Jacksonville,3,Cherry Title LLC,via website,https://cherrytitle.us,yes,n,0,,,,,"Downtown Jacksonville office. Serves Duval + 4 surrounding counties. Local boutique."
FL,Jacksonville,4,First Coast Title Services,via website,https://firstcoasttitlellc.com,yes,n,0,,,,,"Wide service range. Locally recommended for investor closings."
FL,Jacksonville,5,Fidelity National Title - Jax,varies,https://fntic.com,branch_dependent,n,0,,,,,"HQ'd in Jacksonville but individual branches still vary on assignment tolerance."
NC,Charlotte,1,Harry Marsh Law,via website,https://harrymarshlaw.com,yes,n,0,,,,,"PAUSED: NC HB 797 requires broker license. 50% of volume is investors. King of creative closings per BP. Works with transactional funders for double-closes."
NC,Charlotte,2,Taylor Law Firm,via website,https://taylorlawfirmnc.com,yes,n,0,,,,,"PAUSED: NC HB 797. Dedicated /real-estate-investment page. Well-versed in wholesaler transactions."
NC,Charlotte,3,24 Hour Closing,via website,https://24hourclose.com,yes,n,0,,,,,"PAUSED: NC HB 797. Full-service investor closing firm. Branded around speed."
NC,Charlotte,4,McGrath & Spielberger PLLC,via website,https://mcgrathspielberger.com,yes,n,0,,,,,"PAUSED: NC HB 797. Investor closings listed in practice areas. Multi-state footprint (NC/SC/FL)."
NC,Charlotte,5,Chicago Title - Charlotte,(704) 375-0700,https://northcarolina.ctic.com/Offices/Charlotte,underwriter_only,n,0,,,,,"PAUSED: NC HB 797. 128 S Tryon St. Title insurer not primary closer."
MO,St. Louis,1,Investors Title Company,(636) 916-1722,https://investors-title.com,yes,y,0,,,,,"Largest independently-owned in St. Louis. 20+ locations, 50 years. Name is literal - built for this."
MO,St. Louis,2,Eastern Title,via website,https://easterntitle.com/missouri/saint-louis,yes,n,0,,,,,"Explicit investor page: wholesale, distressed, double-closings, novations, sub-to. RON available."
MO,St. Louis,3,Continental Title Company,(314) 366-0348,https://cticmo.com,yes,n,0,,,,,"3353 Roger Pl. Midwest multi-state operator. Investor-comfortable."
MO,St. Louis,4,Integrity Title Solutions,(314) 725-1500,https://integritytitlellc.com,yes,n,0,,,,,"11715 Administration Dr. Smaller shop. Responsive."
MO,St. Louis,5,Empora Title (MO licensed),via website,https://emporatitle.com,yes,n,0,,,,,"Digital-first. Built for investors. MO in service list. Good for online flow."
AZ,Phoenix,1,University Title Agency,(602) 903-4914,https://utitlearizona.com,yes,y,0,,,,,"Explicit menu: creative financing, double-close, assignments, land contracts, sub-to, wraps. Clearest investor menu in AZ."
AZ,Phoenix,2,Magnus Title Agency,(602) 792-7300,https://magnustitle.com,yes,n,0,,,,,"Largest privately-held agency in Maricopa County. Multiple Phoenix locations. Investor-experienced."
AZ,Phoenix,3,Equity Title of Arizona,via website,https://eta-az.com,yes,n,0,,,,,"Multiple Maricopa branches. Fast turnaround. Used by Phoenix flippers."
AZ,Phoenix,4,Standard Title & Escrow,via website,https://standardclosingaz.com,yes,n,0,,,,,"Since 2019. Investor + builder niche across Phoenix/Peoria/Glendale."
AZ,Phoenix,5,Fidelity National Title - Phoenix,varies,https://fntic.com,branch_dependent,n,0,,,,,"Big AZ market share but requires wholesaler to bring own funds. Only with named officer."
TN,Nashville,1,CLOSED Title - Nashville,(615) 574-6230,https://closedtitle.com,yes,y,0,,,,,"2260 Murfreesboro Pike. 100% digital. Built for investor transactions. Dedicated /investors page."
TN,Nashville,2,Wagon Wheel Title & Escrow,(615) 650-5100,https://wagonwheeltitle.com,yes,n,0,,,,,"204 S 11th St East Nashville (near Davidson Co Register). Services investors explicitly. Franklin + Sumner offices too."
TN,Nashville,3,Stewart Title - Nashville,via market page,https://stewart.com/en/markets/nashville,branch_dependent,n,0,,,,,"National underwriter with local commercial + residential ops. Use with specific officer."
TN,Nashville,4,Jaken Finance Group regionals,via website,https://jakenfinancegroup.com,yes,n,0,,,,,"Not a title co itself. TN guide references vetted wholesaler-friendly shops. Cross-reference."
TN,Nashville,5,Fidelity National Title - Nashville,varies,https://fntic.com,branch_dependent,n,0,,,,,"National. Same caveat. Use only with named officer."
